{"cameraMode":{"drawMode":0,"name":"Shaded","section":"Shading Mode"},"sceneLighting":true,"audioPlay":false,"sceneViewState":{"showFog":true,"showMaterialUpdate":false,"showSkybox":true,"showFlares":true,"showImageEffects":true,"showParticleSystems":true},"in2DMode":false,"pivot":{"x":49.6132926940918,"y":4.854702472686768,"z":49.46966552734375},"rotation":{"x":0.010127956047654152,"y":-0.9784108996391296,"z":0.201186403632164,"w":0.048410844057798389},"size":1.0554144382476807,"orthographic":false}