{"cameraMode":{"drawMode":0,"name":"Shaded","section":"Shading Mode"},"sceneLighting":true,"audioPlay":false,"sceneViewState":{"showFog":true,"showMaterialUpdate":false,"showSkybox":true,"showFlares":true,"showImageEffects":true,"showParticleSystems":true},"in2DMode":false,"pivot":{"x":56.349937438964847,"y":7.661945819854736,"z":55.21775817871094},"rotation":{"x":-0.046743493527173999,"y":-0.9445521235466003,"z":0.2863127887248993,"w":-0.15441448986530305},"size":3.546767473220825,"orthographic":false}